[
  {
    "id": "17663194488877bpqbn6yl",
    "name": "brudda zaab",
    "email": "hamza.saoudi.850@gmail.com",
    "phone": "912413104",
    "service": "Pulizie aziendali",
    "date": "2026-01-02",
    "created_at": "2025-12-21T12:17:28.887Z"
  },
  {
    "id": "17663197536951yga29rcp",
    "name": "brudda zaab",
    "email": "hamza.saoudi.850@gmail.com",
    "phone": "912413104",
    "service": "Pulizie private",
    "date": "2025-12-21",
    "locationLat": 46.50027108824155,
    "locationLng": 11.363689186428866,
    "created_at": "2025-12-21T12:22:33.695Z"
  }
]